Row #84961 - 2020; 2;30; 0; 0;30
Row #84962 - 2020; 2;30; 0; 1;30
Row #84963 - 2020; 2;30; 0; 2;30
Row #84964 - 2020; 2;30; 0; 3;30
Row #84965 - 2020; 2;30; 0; 4;30
Row #84966 - 2020; 2;30; 0; 5;30
Row #84967 - 2020; 2;30; 0; 6;30
Row #84968 - 2020; 2;30; 0; 7;30
Row #84969 - 2020; 2;30; 0; 8;30
Row #84970 - 2020; 2;30; 0; 9;30
Row #84971 - 2020; 2;30; 0;10;30
Row #84972 - 2020; 2;30; 0;11;30
Row #84973 - 2020; 2;30; 0;12;30
Row #84974 - 2020; 2;30; 0;13;30
Row #84975 - 2020; 2;30; 0;14;30
Row #84976 - 2020; 2;30; 0;15;30
Row #84977 - 2020; 2;30; 0;16;30
Row #84978 - 2020; 2;30; 0;17;30
Row #84979 - 2020; 2;30; 0;18;30
Row #84980 - 2020; 2;30; 0;19;30
Row #84981 - 2020; 2;30; 0;20;30
Row #84982 - 2020; 2;30; 0;21;30
Row #84983 - 2020; 2;30; 0;22;30
Row #84984 - 2020; 2;30; 0;23;30
Row #84985 - 2020; 2;30; 0;24;30
Row #84986 - 2020; 2;30; 0;25;30
Row #84987 - 2020; 2;30; 0;26;30
Row #84988 - 2020; 2;30; 0;27;30
Row #84989 - 2020; 2;30; 0;28;30
Row #84990 - 2020; 2;30; 0;29;30
Row #84991 - 2020; 2;30; 0;30;30
Row #84992 - 2020; 2;30; 0;31;30
Row #84993 - 2020; 2;30; 0;32;30
Row #84994 - 2020; 2;30; 0;33;30
Row #84995 - 2020; 2;30; 0;34;30
Row #84996 - 2020; 2;30; 0;35;30
Row #84997 - 2020; 2;30; 0;36;30
Row #84998 - 2020; 2;30; 0;37;30
Row #84999 - 2020; 2;30; 0;38;30
Row #85000 - 2020; 2;30; 0;39;30
Row #85001 - 2020; 2;30; 0;40;30
Row #85002 - 2020; 2;30; 0;41;30
Row #85003 - 2020; 2;30; 0;42;30
Row #85004 - 2020; 2;30; 0;43;30
Row #85005 - 2020; 2;30; 0;44;30
Row #85006 - 2020; 2;30; 0;45;30
Row #85007 - 2020; 2;30; 0;46;30
Row #85008 - 2020; 2;30; 0;47;30
Row #85009 - 2020; 2;30; 0;48;30
Row #85010 - 2020; 2;30; 0;49;30
Row #85011 - 2020; 2;30; 0;50;30
Row #85012 - 2020; 2;30; 0;51;30
Row #85013 - 2020; 2;30; 0;52;30
Row #85014 - 2020; 2;30; 0;53;30
Row #85015 - 2020; 2;30; 0;54;30
Row #85016 - 2020; 2;30; 0;55;30
Row #85017 - 2020; 2;30; 0;56;30
Row #85018 - 2020; 2;30; 0;57;30
Row #85019 - 2020; 2;30; 0;58;30
Row #85020 - 2020; 2;30; 0;59;30
Row #85021 - 2020; 2;30; 1; 0;30
Row #85022 - 2020; 2;30; 1; 1;30
Row #85023 - 2020; 2;30; 1; 2;30
Row #85024 - 2020; 2;30; 1; 3;30
Row #85025 - 2020; 2;30; 1; 4;30
Row #85026 - 2020; 2;30; 1; 5;30
Row #85027 - 2020; 2;30; 1; 6;30
Row #85028 - 2020; 2;30; 1; 7;30
Row #85029 - 2020; 2;30; 1; 8;30
Row #85030 - 2020; 2;30; 1; 9;30
Row #85031 - 2020; 2;30; 1;10;30
Row #85032 - 2020; 2;30; 1;11;30
Row #85033 - 2020; 2;30; 1;12;30
Row #85034 - 2020; 2;30; 1;13;30
Row #85035 - 2020; 2;30; 1;14;30
Row #85036 - 2020; 2;30; 1;15;30
Row #85037 - 2020; 2;30; 1;16;30
Row #85038 - 2020; 2;30; 1;17;30
Row #85039 - 2020; 2;30; 1;18;30
Row #85040 - 2020; 2;30; 1;19;30
Row #85041 - 2020; 2;30; 1;20;30
Row #85042 - 2020; 2;30; 1;21;30
Row #85043 - 2020; 2;30; 1;22;30
Row #85044 - 2020; 2;30; 1;23;30
Row #85045 - 2020; 2;30; 1;24;30
Row #85046 - 2020; 2;30; 1;25;30
Row #85047 - 2020; 2;30; 1;26;30
Row #85048 - 2020; 2;30; 1;27;30
Row #85049 - 2020; 2;30; 1;28;30
Row #85050 - 2020; 2;30; 1;29;30
Row #85051 - 2020; 2;30; 1;30;30
Row #85052 - 2020; 2;30; 1;31;30
Row #85053 - 2020; 2;30; 1;32;30
Row #85054 - 2020; 2;30; 1;33;30
Row #85055 - 2020; 2;30; 1;34;30
Row #85056 - 2020; 2;30; 1;35;30
Row #85057 - 2020; 2;30; 1;36;30
Row #85058 - 2020; 2;30; 1;37;30
Row #85059 - 2020; 2;30; 1;38;30
Row #85060 - 2020; 2;30; 1;39;30
Row #85061 - 2020; 2;30; 1;40;30
Row #85062 - 2020; 2;30; 1;41;30
Row #85063 - 2020; 2;30; 1;42;30
Row #85064 - 2020; 2;30; 1;43;30
Row #85065 - 2020; 2;30; 1;44;30
Row #85066 - 2020; 2;30; 1;45;30
Row #85067 - 2020; 2;30; 1;46;30
Row #85068 - 2020; 2;30; 1;47;30
Row #85069 - 2020; 2;30; 1;48;30
Row #85070 - 2020; 2;30; 1;49;30
Row #85071 - 2020; 2;30; 1;50;30
Row #85072 - 2020; 2;30; 1;51;30
Row #85073 - 2020; 2;30; 1;52;30
Row #85074 - 2020; 2;30; 1;53;30
Row #85075 - 2020; 2;30; 1;54;30
Row #85076 - 2020; 2;30; 1;55;30
Row #85077 - 2020; 2;30; 1;56;30
Row #85078 - 2020; 2;30; 1;57;30
Row #85079 - 2020; 2;30; 1;58;30
Row #85080 - 2020; 2;30; 1;59;30
Row #85081 - 2020; 2;30; 2; 0;30
Row #85082 - 2020; 2;30; 2; 1;30
Row #85083 - 2020; 2;30; 2; 2;30
Row #85084 - 2020; 2;30; 2; 3;30
Row #85085 - 2020; 2;30; 2; 4;30
Row #85086 - 2020; 2;30; 2; 5;30
Row #85087 - 2020; 2;30; 2; 6;30
Row #85088 - 2020; 2;30; 2; 7;30
Row #85089 - 2020; 2;30; 2; 8;30
Row #85090 - 2020; 2;30; 2; 9;30
Row #85091 - 2020; 2;30; 2;10;30
Row #85092 - 2020; 2;30; 2;11;30
Row #85093 - 2020; 2;30; 2;12;30
Row #85094 - 2020; 2;30; 2;13;30
Row #85095 - 2020; 2;30; 2;14;30
Row #85096 - 2020; 2;30; 2;15;30
Row #85097 - 2020; 2;30; 2;16;30
Row #85098 - 2020; 2;30; 2;17;30
Row #85099 - 2020; 2;30; 2;18;30
Row #85100 - 2020; 2;30; 2;19;30
Row #85101 - 2020; 2;30; 2;20;30
Row #85102 - 2020; 2;30; 2;21;30
Row #85103 - 2020; 2;30; 2;22;30
Row #85104 - 2020; 2;30; 2;23;30
Row #85105 - 2020; 2;30; 2;24;30
Row #85106 - 2020; 2;30; 2;25;30
Row #85107 - 2020; 2;30; 2;26;30
Row #85108 - 2020; 2;30; 2;27;30
Row #85109 - 2020; 2;30; 2;28;30
Row #85110 - 2020; 2;30; 2;29;30
Row #85111 - 2020; 2;30; 2;30;30
Row #85112 - 2020; 2;30; 2;31;30
Row #85113 - 2020; 2;30; 2;32;30
Row #85114 - 2020; 2;30; 2;33;30
Row #85115 - 2020; 2;30; 2;34;30
Row #85116 - 2020; 2;30; 2;35;30
Row #85117 - 2020; 2;30; 2;36;30
Row #85118 - 2020; 2;30; 2;37;30
Row #85119 - 2020; 2;30; 2;38;30
Row #85120 - 2020; 2;30; 2;39;30
Row #85121 - 2020; 2;30; 2;40;30
Row #85122 - 2020; 2;30; 2;41;30
Row #85123 - 2020; 2;30; 2;42;30
Row #85124 - 2020; 2;30; 2;43;30
Row #85125 - 2020; 2;30; 2;44;30
Row #85126 - 2020; 2;30; 2;45;30
Row #85127 - 2020; 2;30; 2;46;30
Row #85128 - 2020; 2;30; 2;47;30
Row #85129 - 2020; 2;30; 2;48;30
Row #85130 - 2020; 2;30; 2;49;30
Row #85131 - 2020; 2;30; 2;50;30
Row #85132 - 2020; 2;30; 2;51;30
Row #85133 - 2020; 2;30; 2;52;30
Row #85134 - 2020; 2;30; 2;53;30
Row #85135 - 2020; 2;30; 2;54;30
Row #85136 - 2020; 2;30; 2;55;30
Row #85137 - 2020; 2;30; 2;56;30
Row #85138 - 2020; 2;30; 2;57;30
Row #85139 - 2020; 2;30; 2;58;30
Row #85140 - 2020; 2;30; 2;59;30
Row #85141 - 2020; 2;30; 3; 0;30
Row #85142 - 2020; 2;30; 3; 1;30
Row #85143 - 2020; 2;30; 3; 2;30
Row #85144 - 2020; 2;30; 3; 3;30
Row #85145 - 2020; 2;30; 3; 4;30
Row #85146 - 2020; 2;30; 3; 5;30
Row #85147 - 2020; 2;30; 3; 6;30
Row #85148 - 2020; 2;30; 3; 7;30
Row #85149 - 2020; 2;30; 3; 8;30
Row #85150 - 2020; 2;30; 3; 9;30
Row #85151 - 2020; 2;30; 3;10;30
Row #85152 - 2020; 2;30; 3;11;30
Row #85153 - 2020; 2;30; 3;12;30
Row #85154 - 2020; 2;30; 3;13;30
Row #85155 - 2020; 2;30; 3;14;30
Row #85156 - 2020; 2;30; 3;15;30
Row #85157 - 2020; 2;30; 3;16;30
Row #85158 - 2020; 2;30; 3;17;30
Row #85159 - 2020; 2;30; 3;18;30
Row #85160 - 2020; 2;30; 3;19;30
Row #85161 - 2020; 2;30; 3;20;30
Row #85162 - 2020; 2;30; 3;21;30
Row #85163 - 2020; 2;30; 3;22;30
Row #85164 - 2020; 2;30; 3;23;30
Row #85165 - 2020; 2;30; 3;24;30
Row #85166 - 2020; 2;30; 3;25;30
Row #85167 - 2020; 2;30; 3;26;30
Row #85168 - 2020; 2;30; 3;27;30
Row #85169 - 2020; 2;30; 3;28;30
Row #85170 - 2020; 2;30; 3;29;30
Row #85171 - 2020; 2;30; 3;30;30
Row #85172 - 2020; 2;30; 3;31;30
Row #85173 - 2020; 2;30; 3;32;30
Row #85174 - 2020; 2;30; 3;33;30
Row #85175 - 2020; 2;30; 3;34;30
Row #85176 - 2020; 2;30; 3;35;30
Row #85177 - 2020; 2;30; 3;36;30
Row #85178 - 2020; 2;30; 3;37;30
Row #85179 - 2020; 2;30; 3;38;30
Row #85180 - 2020; 2;30; 3;39;30
Row #85181 - 2020; 2;30; 3;40;30
Row #85182 - 2020; 2;30; 3;41;30
Row #85183 - 2020; 2;30; 3;42;30
Row #85184 - 2020; 2;30; 3;43;30
Row #85185 - 2020; 2;30; 3;44;30
Row #85186 - 2020; 2;30; 3;45;30
Row #85187 - 2020; 2;30; 3;46;30
Row #85188 - 2020; 2;30; 3;47;30
Row #85189 - 2020; 2;30; 3;48;30
Row #85190 - 2020; 2;30; 3;49;30
Row #85191 - 2020; 2;30; 3;50;30
Row #85192 - 2020; 2;30; 3;51;30
Row #85193 - 2020; 2;30; 3;52;30
Row #85194 - 2020; 2;30; 3;53;30
Row #85195 - 2020; 2;30; 3;54;30
Row #85196 - 2020; 2;30; 3;55;30
Row #85197 - 2020; 2;30; 3;56;30
Row #85198 - 2020; 2;30; 3;57;30
Row #85199 - 2020; 2;30; 3;58;30
Row #85200 - 2020; 2;30; 3;59;30
Row #85201 - 2020; 2;30; 4; 0;30
Row #85202 - 2020; 2;30; 4; 1;30
Row #85203 - 2020; 2;30; 4; 2;30
Row #85204 - 2020; 2;30; 4; 3;30
Row #85205 - 2020; 2;30; 4; 4;30
Row #85206 - 2020; 2;30; 4; 5;30
Row #85207 - 2020; 2;30; 4; 6;30
Row #85208 - 2020; 2;30; 4; 7;30
Row #85209 - 2020; 2;30; 4; 8;30
Row #85210 - 2020; 2;30; 4; 9;30
Row #85211 - 2020; 2;30; 4;10;30
Row #85212 - 2020; 2;30; 4;11;30
Row #85213 - 2020; 2;30; 4;12;30
Row #85214 - 2020; 2;30; 4;13;30
Row #85215 - 2020; 2;30; 4;14;30
Row #85216 - 2020; 2;30; 4;15;30
Row #85217 - 2020; 2;30; 4;16;30
Row #85218 - 2020; 2;30; 4;17;30
Row #85219 - 2020; 2;30; 4;18;30
Row #85220 - 2020; 2;30; 4;19;30
Row #85221 - 2020; 2;30; 4;20;30
Row #85222 - 2020; 2;30; 4;21;30
Row #85223 - 2020; 2;30; 4;22;30
Row #85224 - 2020; 2;30; 4;23;30
Row #85225 - 2020; 2;30; 4;24;30
Row #85226 - 2020; 2;30; 4;25;30
Row #85227 - 2020; 2;30; 4;26;30
Row #85228 - 2020; 2;30; 4;27;30
Row #85229 - 2020; 2;30; 4;28;30
Row #85230 - 2020; 2;30; 4;29;30
Row #85231 - 2020; 2;30; 4;30;30
Row #85232 - 2020; 2;30; 4;31;30
Row #85233 - 2020; 2;30; 4;32;30
Row #85234 - 2020; 2;30; 4;33;30
Row #85235 - 2020; 2;30; 4;34;30
Row #85236 - 2020; 2;30; 4;35;30
Row #85237 - 2020; 2;30; 4;36;30
Row #85238 - 2020; 2;30; 4;37;30
Row #85239 - 2020; 2;30; 4;38;30
Row #85240 - 2020; 2;30; 4;39;30
Row #85241 - 2020; 2;30; 4;40;30
Row #85242 - 2020; 2;30; 4;41;30
Row #85243 - 2020; 2;30; 4;42;30
Row #85244 - 2020; 2;30; 4;43;30
Row #85245 - 2020; 2;30; 4;44;30
Row #85246 - 2020; 2;30; 4;45;30
Row #85247 - 2020; 2;30; 4;46;30
Row #85248 - 2020; 2;30; 4;47;30
Row #85249 - 2020; 2;30; 4;48;30
Row #85250 - 2020; 2;30; 4;49;30
Row #85251 - 2020; 2;30; 4;50;30
Row #85252 - 2020; 2;30; 4;51;30
Row #85253 - 2020; 2;30; 4;52;30
Row #85254 - 2020; 2;30; 4;53;30
Row #85255 - 2020; 2;30; 4;54;30
Row #85256 - 2020; 2;30; 4;55;30
Row #85257 - 2020; 2;30; 4;56;30
Row #85258 - 2020; 2;30; 4;57;30
Row #85259 - 2020; 2;30; 4;58;30
Row #85260 - 2020; 2;30; 4;59;30
Row #85261 - 2020; 2;30; 5; 0;30
Row #85262 - 2020; 2;30; 5; 1;30
Row #85263 - 2020; 2;30; 5; 2;30
Row #85264 - 2020; 2;30; 5; 3;30
Row #85265 - 2020; 2;30; 5; 4;30
Row #85266 - 2020; 2;30; 5; 5;30
Row #85267 - 2020; 2;30; 5; 6;30
Row #85268 - 2020; 2;30; 5; 7;30
Row #85269 - 2020; 2;30; 5; 8;30
Row #85270 - 2020; 2;30; 5; 9;30
Row #85271 - 2020; 2;30; 5;10;30
Row #85272 - 2020; 2;30; 5;11;30
Row #85273 - 2020; 2;30; 5;12;30
Row #85274 - 2020; 2;30; 5;13;30
Row #85275 - 2020; 2;30; 5;14;30
Row #85276 - 2020; 2;30; 5;15;30
Row #85277 - 2020; 2;30; 5;16;30
Row #85278 - 2020; 2;30; 5;17;30
Row #85279 - 2020; 2;30; 5;18;30
Row #85280 - 2020; 2;30; 5;19;30
Row #85281 - 2020; 2;30; 5;20;30
Row #85282 - 2020; 2;30; 5;21;30
Row #85283 - 2020; 2;30; 5;22;30
Row #85284 - 2020; 2;30; 5;23;30
Row #85285 - 2020; 2;30; 5;24;30
Row #85286 - 2020; 2;30; 5;25;30
Row #85287 - 2020; 2;30; 5;26;30
Row #85288 - 2020; 2;30; 5;27;30
Row #85289 - 2020; 2;30; 5;28;30
Row #85290 - 2020; 2;30; 5;29;30
Row #85291 - 2020; 2;30; 5;30;30
Row #85292 - 2020; 2;30; 5;31;30
Row #85293 - 2020; 2;30; 5;32;30
Row #85294 - 2020; 2;30; 5;33;30
Row #85295 - 2020; 2;30; 5;34;30
Row #85296 - 2020; 2;30; 5;35;30
Row #85297 - 2020; 2;30; 5;36;30
Row #85298 - 2020; 2;30; 5;37;30
Row #85299 - 2020; 2;30; 5;38;30
Row #85300 - 2020; 2;30; 5;39;30
Row #85301 - 2020; 2;30; 5;40;30
Row #85302 - 2020; 2;30; 5;41;30
Row #85303 - 2020; 2;30; 5;42;30
Row #85304 - 2020; 2;30; 5;43;30
Row #85305 - 2020; 2;30; 5;44;30
Row #85306 - 2020; 2;30; 5;45;30
Row #85307 - 2020; 2;30; 5;46;30
Row #85308 - 2020; 2;30; 5;47;30
Row #85309 - 2020; 2;30; 5;48;30
Row #85310 - 2020; 2;30; 5;49;30
Row #85311 - 2020; 2;30; 5;50;30
Row #85312 - 2020; 2;30; 5;51;30
Row #85313 - 2020; 2;30; 5;52;30
Row #85314 - 2020; 2;30; 5;53;30
Row #85315 - 2020; 2;30; 5;54;30
Row #85316 - 2020; 2;30; 5;55;30
Row #85317 - 2020; 2;30; 5;56;30
Row #85318 - 2020; 2;30; 5;57;30
Row #85319 - 2020; 2;30; 5;58;30
Row #85320 - 2020; 2;30; 5;59;30
Row #85321 - 2020; 2;30; 6; 0;30
Row #85322 - 2020; 2;30; 6; 1;30
Row #85323 - 2020; 2;30; 6; 2;30
Row #85324 - 2020; 2;30; 6; 3;30
Row #85325 - 2020; 2;30; 6; 4;30
Row #85326 - 2020; 2;30; 6; 5;30
Row #85327 - 2020; 2;30; 6; 6;30
Row #85328 - 2020; 2;30; 6; 7;30
Row #85329 - 2020; 2;30; 6; 8;30
Row #85330 - 2020; 2;30; 6; 9;30
Row #85331 - 2020; 2;30; 6;10;30
Row #85332 - 2020; 2;30; 6;11;30
Row #85333 - 2020; 2;30; 6;12;30
Row #85334 - 2020; 2;30; 6;13;30
Row #85335 - 2020; 2;30; 6;14;30
Row #85336 - 2020; 2;30; 6;15;30
Row #85337 - 2020; 2;30; 6;16;30
Row #85338 - 2020; 2;30; 6;17;30
Row #85339 - 2020; 2;30; 6;18;30
Row #85340 - 2020; 2;30; 6;19;30
Row #85341 - 2020; 2;30; 6;20;30
Row #85342 - 2020; 2;30; 6;21;30
Row #85343 - 2020; 2;30; 6;22;30
Row #85344 - 2020; 2;30; 6;23;30
Row #85345 - 2020; 2;30; 6;24;30
Row #85346 - 2020; 2;30; 6;25;30
Row #85347 - 2020; 2;30; 6;26;30
Row #85348 - 2020; 2;30; 6;27;30
Row #85349 - 2020; 2;30; 6;28;30
Row #85350 - 2020; 2;30; 6;29;30
Row #85351 - 2020; 2;30; 6;30;30
Row #85352 - 2020; 2;30; 6;31;30
Row #85353 - 2020; 2;30; 6;32;30
Row #85354 - 2020; 2;30; 6;33;30
Row #85355 - 2020; 2;30; 6;34;30
Row #85356 - 2020; 2;30; 6;35;30
Row #85357 - 2020; 2;30; 6;36;30
Row #85358 - 2020; 2;30; 6;37;30
Row #85359 - 2020; 2;30; 6;38;30
Row #85360 - 2020; 2;30; 6;39;30
Row #85361 - 2020; 2;30; 6;40;30
Row #85362 - 2020; 2;30; 6;41;30
Row #85363 - 2020; 2;30; 6;42;30
Row #85364 - 2020; 2;30; 6;43;30
Row #85365 - 2020; 2;30; 6;44;30
Row #85366 - 2020; 2;30; 6;45;30
Row #85367 - 2020; 2;30; 6;46;30
Row #85368 - 2020; 2;30; 6;47;30
Row #85369 - 2020; 2;30; 6;48;30
Row #85370 - 2020; 2;30; 6;49;30
Row #85371 - 2020; 2;30; 6;50;30
Row #85372 - 2020; 2;30; 6;51;30
Row #85373 - 2020; 2;30; 6;52;30
Row #85374 - 2020; 2;30; 6;53;30
Row #85375 - 2020; 2;30; 6;54;30
Row #85376 - 2020; 2;30; 6;55;30
Row #85377 - 2020; 2;30; 6;56;30
Row #85378 - 2020; 2;30; 6;57;30
Row #85379 - 2020; 2;30; 6;58;30
Row #85380 - 2020; 2;30; 6;59;30
Row #85381 - 2020; 2;30; 7; 0;30
Row #85382 - 2020; 2;30; 7; 1;30
Row #85383 - 2020; 2;30; 7; 2;30
Row #85384 - 2020; 2;30; 7; 3;30
Row #85385 - 2020; 2;30; 7; 4;30
Row #85386 - 2020; 2;30; 7; 5;30
Row #85387 - 2020; 2;30; 7; 6;30
Row #85388 - 2020; 2;30; 7; 7;30
Row #85389 - 2020; 2;30; 7; 8;30
Row #85390 - 2020; 2;30; 7; 9;30
Row #85391 - 2020; 2;30; 7;10;30
Row #85392 - 2020; 2;30; 7;11;30
Row #85393 - 2020; 2;30; 7;12;30
Row #85394 - 2020; 2;30; 7;13;30
Row #85395 - 2020; 2;30; 7;14;30
Row #85396 - 2020; 2;30; 7;15;30
Row #85397 - 2020; 2;30; 7;16;30
Row #85398 - 2020; 2;30; 7;17;30
Row #85399 - 2020; 2;30; 7;18;30
Row #85400 - 2020; 2;30; 7;19;30
Row #85401 - 2020; 2;30; 7;20;30
Row #85402 - 2020; 2;30; 7;21;30
Row #85403 - 2020; 2;30; 7;22;30
Row #85404 - 2020; 2;30; 7;23;30
Row #85405 - 2020; 2;30; 7;24;30
Row #85406 - 2020; 2;30; 7;25;30
Row #85407 - 2020; 2;30; 7;26;30
Row #85408 - 2020; 2;30; 7;27;30
Row #85409 - 2020; 2;30; 7;28;30
Row #85410 - 2020; 2;30; 7;29;30
Row #85411 - 2020; 2;30; 7;30;30
Row #85412 - 2020; 2;30; 7;31;30
Row #85413 - 2020; 2;30; 7;32;30
Row #85414 - 2020; 2;30; 7;33;30
Row #85415 - 2020; 2;30; 7;34;30
Row #85416 - 2020; 2;30; 7;35;30
Row #85417 - 2020; 2;30; 7;36;30
Row #85418 - 2020; 2;30; 7;37;30
Row #85419 - 2020; 2;30; 7;38;30
Row #85420 - 2020; 2;30; 7;39;30
Row #85421 - 2020; 2;30; 7;40;30
Row #85422 - 2020; 2;30; 7;41;30
Row #85423 - 2020; 2;30; 7;42;30
Row #85424 - 2020; 2;30; 7;43;30
Row #85425 - 2020; 2;30; 7;44;30
Row #85426 - 2020; 2;30; 7;45;30
Row #85427 - 2020; 2;30; 7;46;30
Row #85428 - 2020; 2;30; 7;47;30
Row #85429 - 2020; 2;30; 7;48;30
Row #85430 - 2020; 2;30; 7;49;30
Row #85431 - 2020; 2;30; 7;50;30
Row #85432 - 2020; 2;30; 7;51;30
Row #85433 - 2020; 2;30; 7;52;30
Row #85434 - 2020; 2;30; 7;53;30
Row #85435 - 2020; 2;30; 7;54;30
Row #85436 - 2020; 2;30; 7;55;30
Row #85437 - 2020; 2;30; 7;56;30
Row #85438 - 2020; 2;30; 7;57;30
Row #85439 - 2020; 2;30; 7;58;30
Row #85440 - 2020; 2;30; 7;59;30
Row #85441 - 2020; 2;30; 8; 0;30
Row #85442 - 2020; 2;30; 8; 1;30
Row #85443 - 2020; 2;30; 8; 2;30
Row #85444 - 2020; 2;30; 8; 3;30
Row #85445 - 2020; 2;30; 8; 4;30
Row #85446 - 2020; 2;30; 8; 5;30
Row #85447 - 2020; 2;30; 8; 6;30
Row #85448 - 2020; 2;30; 8; 7;30
Row #85449 - 2020; 2;30; 8; 8;30
Row #85450 - 2020; 2;30; 8; 9;30
Row #85451 - 2020; 2;30; 8;10;30
Row #85452 - 2020; 2;30; 8;11;30
Row #85453 - 2020; 2;30; 8;12;30
Row #85454 - 2020; 2;30; 8;13;30
Row #85455 - 2020; 2;30; 8;14;30
Row #85456 - 2020; 2;30; 8;15;30
Row #85457 - 2020; 2;30; 8;16;30
Row #85458 - 2020; 2;30; 8;17;30
Row #85459 - 2020; 2;30; 8;18;30
Row #85460 - 2020; 2;30; 8;19;30
Row #85461 - 2020; 2;30; 8;20;30
Row #85462 - 2020; 2;30; 8;21;30
Row #85463 - 2020; 2;30; 8;22;30
Row #85464 - 2020; 2;30; 8;23;30
Row #85465 - 2020; 2;30; 8;24;30
Row #85466 - 2020; 2;30; 8;25;30
Row #85467 - 2020; 2;30; 8;26;30
Row #85468 - 2020; 2;30; 8;27;30
Row #85469 - 2020; 2;30; 8;28;30
Row #85470 - 2020; 2;30; 8;29;30
Row #85471 - 2020; 2;30; 8;30;30
Row #85472 - 2020; 2;30; 8;31;30
Row #85473 - 2020; 2;30; 8;32;30
Row #85474 - 2020; 2;30; 8;33;30
Row #85475 - 2020; 2;30; 8;34;30
Row #85476 - 2020; 2;30; 8;35;30
Row #85477 - 2020; 2;30; 8;36;30
Row #85478 - 2020; 2;30; 8;37;30
Row #85479 - 2020; 2;30; 8;38;30
Row #85480 - 2020; 2;30; 8;39;30
Row #85481 - 2020; 2;30; 8;40;30
Row #85482 - 2020; 2;30; 8;41;30
Row #85483 - 2020; 2;30; 8;42;30
Row #85484 - 2020; 2;30; 8;43;30
Row #85485 - 2020; 2;30; 8;44;30
Row #85486 - 2020; 2;30; 8;45;30
Row #85487 - 2020; 2;30; 8;46;30
Row #85488 - 2020; 2;30; 8;47;30
Row #85489 - 2020; 2;30; 8;48;30
Row #85490 - 2020; 2;30; 8;49;30
Row #85491 - 2020; 2;30; 8;50;30
Row #85492 - 2020; 2;30; 8;51;30
Row #85493 - 2020; 2;30; 8;52;30
Row #85494 - 2020; 2;30; 8;53;30
Row #85495 - 2020; 2;30; 8;54;30
Row #85496 - 2020; 2;30; 8;55;30
Row #85497 - 2020; 2;30; 8;56;30
Row #85498 - 2020; 2;30; 8;57;30
Row #85499 - 2020; 2;30; 8;58;30
Row #85500 - 2020; 2;30; 8;59;30
Row #85501 - 2020; 2;30; 9; 0;30
Row #85502 - 2020; 2;30; 9; 1;30
Row #85503 - 2020; 2;30; 9; 2;30
Row #85504 - 2020; 2;30; 9; 3;30
Row #85505 - 2020; 2;30; 9; 4;30
Row #85506 - 2020; 2;30; 9; 5;30
Row #85507 - 2020; 2;30; 9; 6;30
Row #85508 - 2020; 2;30; 9; 7;30
Row #85509 - 2020; 2;30; 9; 8;30
Row #85510 - 2020; 2;30; 9; 9;30
Row #85511 - 2020; 2;30; 9;10;30
Row #85512 - 2020; 2;30; 9;11;30
Row #85513 - 2020; 2;30; 9;12;30
Row #85514 - 2020; 2;30; 9;13;30
Row #85515 - 2020; 2;30; 9;14;30
Row #85516 - 2020; 2;30; 9;15;30
Row #85517 - 2020; 2;30; 9;16;30
Row #85518 - 2020; 2;30; 9;17;30
Row #85519 - 2020; 2;30; 9;18;30
Row #85520 - 2020; 2;30; 9;19;30
Row #85521 - 2020; 2;30; 9;20;30
Row #85522 - 2020; 2;30; 9;21;30
Row #85523 - 2020; 2;30; 9;22;30
Row #85524 - 2020; 2;30; 9;23;30
Row #85525 - 2020; 2;30; 9;24;30
Row #85526 - 2020; 2;30; 9;25;30
Row #85527 - 2020; 2;30; 9;26;30
Row #85528 - 2020; 2;30; 9;27;30
Row #85529 - 2020; 2;30; 9;28;30
Row #85530 - 2020; 2;30; 9;29;30
Row #85531 - 2020; 2;30; 9;30;30
Row #85532 - 2020; 2;30; 9;31;30
Row #85533 - 2020; 2;30; 9;32;30
Row #85534 - 2020; 2;30; 9;33;30
Row #85535 - 2020; 2;30; 9;34;30
Row #85536 - 2020; 2;30; 9;35;30
Row #85537 - 2020; 2;30; 9;36;30
Row #85538 - 2020; 2;30; 9;37;30
Row #85539 - 2020; 2;30; 9;38;30
Row #85540 - 2020; 2;30; 9;39;30
Row #85541 - 2020; 2;30; 9;40;30
Row #85542 - 2020; 2;30; 9;41;30
Row #85543 - 2020; 2;30; 9;42;30
Row #85544 - 2020; 2;30; 9;43;30
Row #85545 - 2020; 2;30; 9;44;30
Row #85546 - 2020; 2;30; 9;45;30
Row #85547 - 2020; 2;30; 9;46;30
Row #85548 - 2020; 2;30; 9;47;30
Row #85549 - 2020; 2;30; 9;48;30
Row #85550 - 2020; 2;30; 9;49;30
Row #85551 - 2020; 2;30; 9;50;30
Row #85552 - 2020; 2;30; 9;51;30
Row #85553 - 2020; 2;30; 9;52;30
Row #85554 - 2020; 2;30; 9;53;30
Row #85555 - 2020; 2;30; 9;54;30
Row #85556 - 2020; 2;30; 9;55;30
Row #85557 - 2020; 2;30; 9;56;30
Row #85558 - 2020; 2;30; 9;57;30
Row #85559 - 2020; 2;30; 9;58;30
Row #85560 - 2020; 2;30; 9;59;30
Row #85561 - 2020; 2;30;10; 0;30
Row #85562 - 2020; 2;30;10; 1;30
Row #85563 - 2020; 2;30;10; 2;30
Row #85564 - 2020; 2;30;10; 3;30
Row #85565 - 2020; 2;30;10; 4;30
Row #85566 - 2020; 2;30;10; 5;30
Row #85567 - 2020; 2;30;10; 6;30
Row #85568 - 2020; 2;30;10; 7;30
Row #85569 - 2020; 2;30;10; 8;30
Row #85570 - 2020; 2;30;10; 9;30
Row #85571 - 2020; 2;30;10;10;30
Row #85572 - 2020; 2;30;10;11;30
Row #85573 - 2020; 2;30;10;12;30
Row #85574 - 2020; 2;30;10;13;30
Row #85575 - 2020; 2;30;10;14;30
Row #85576 - 2020; 2;30;10;15;30
Row #85577 - 2020; 2;30;10;16;30
Row #85578 - 2020; 2;30;10;17;30
Row #85579 - 2020; 2;30;10;18;30
Row #85580 - 2020; 2;30;10;19;30
Row #85581 - 2020; 2;30;10;20;30
Row #85582 - 2020; 2;30;10;21;30
Row #85583 - 2020; 2;30;10;22;30
Row #85584 - 2020; 2;30;10;23;30
Row #85585 - 2020; 2;30;10;24;30
Row #85586 - 2020; 2;30;10;25;30
Row #85587 - 2020; 2;30;10;26;30
Row #85588 - 2020; 2;30;10;27;30
Row #85589 - 2020; 2;30;10;28;30
Row #85590 - 2020; 2;30;10;29;30
Row #85591 - 2020; 2;30;10;30;30
Row #85592 - 2020; 2;30;10;31;30
Row #85593 - 2020; 2;30;10;32;30
Row #85594 - 2020; 2;30;10;33;30
Row #85595 - 2020; 2;30;10;34;30
Row #85596 - 2020; 2;30;10;35;30
Row #85597 - 2020; 2;30;10;36;30
Row #85598 - 2020; 2;30;10;37;30
Row #85599 - 2020; 2;30;10;38;30
Row #85600 - 2020; 2;30;10;39;30
Row #85601 - 2020; 2;30;10;40;30
Row #85602 - 2020; 2;30;10;41;30
Row #85603 - 2020; 2;30;10;42;30
Row #85604 - 2020; 2;30;10;43;30
Row #85605 - 2020; 2;30;10;44;30
Row #85606 - 2020; 2;30;10;45;30
Row #85607 - 2020; 2;30;10;46;30
Row #85608 - 2020; 2;30;10;47;30
Row #85609 - 2020; 2;30;10;48;30
Row #85610 - 2020; 2;30;10;49;30
Row #85611 - 2020; 2;30;10;50;30
Row #85612 - 2020; 2;30;10;51;30
Row #85613 - 2020; 2;30;10;52;30
Row #85614 - 2020; 2;30;10;53;30
Row #85615 - 2020; 2;30;10;54;30
Row #85616 - 2020; 2;30;10;55;30
Row #85617 - 2020; 2;30;10;56;30
Row #85618 - 2020; 2;30;10;57;30
Row #85619 - 2020; 2;30;10;58;30
Row #85620 - 2020; 2;30;10;59;30
Row #85621 - 2020; 2;30;11; 0;30
Row #85622 - 2020; 2;30;11; 1;30
Row #85623 - 2020; 2;30;11; 2;30
Row #85624 - 2020; 2;30;11; 3;30
Row #85625 - 2020; 2;30;11; 4;30
Row #85626 - 2020; 2;30;11; 5;30
Row #85627 - 2020; 2;30;11; 6;30
Row #85628 - 2020; 2;30;11; 7;30
Row #85629 - 2020; 2;30;11; 8;30
Row #85630 - 2020; 2;30;11; 9;30
Row #85631 - 2020; 2;30;11;10;30
Row #85632 - 2020; 2;30;11;11;30
Row #85633 - 2020; 2;30;11;12;30
Row #85634 - 2020; 2;30;11;13;30
Row #85635 - 2020; 2;30;11;14;30
Row #85636 - 2020; 2;30;11;15;30
Row #85637 - 2020; 2;30;11;16;30
Row #85638 - 2020; 2;30;11;17;30
Row #85639 - 2020; 2;30;11;18;30
Row #85640 - 2020; 2;30;11;19;30
Row #85641 - 2020; 2;30;11;20;30
Row #85642 - 2020; 2;30;11;21;30
Row #85643 - 2020; 2;30;11;22;30
Row #85644 - 2020; 2;30;11;23;30
Row #85645 - 2020; 2;30;11;24;30
Row #85646 - 2020; 2;30;11;25;30
Row #85647 - 2020; 2;30;11;26;30
Row #85648 - 2020; 2;30;11;27;30
Row #85649 - 2020; 2;30;11;28;30
Row #85650 - 2020; 2;30;11;29;30
Row #85651 - 2020; 2;30;11;30;30
Row #85652 - 2020; 2;30;11;31;30
Row #85653 - 2020; 2;30;11;32;30
Row #85654 - 2020; 2;30;11;33;30
Row #85655 - 2020; 2;30;11;34;30
Row #85656 - 2020; 2;30;11;35;30
Row #85657 - 2020; 2;30;11;36;30
Row #85658 - 2020; 2;30;11;37;30
Row #85659 - 2020; 2;30;11;38;30
Row #85660 - 2020; 2;30;11;39;30
Row #85661 - 2020; 2;30;11;40;30
Row #85662 - 2020; 2;30;11;41;30
Row #85663 - 2020; 2;30;11;42;30
Row #85664 - 2020; 2;30;11;43;30
Row #85665 - 2020; 2;30;11;44;30
Row #85666 - 2020; 2;30;11;45;30
Row #85667 - 2020; 2;30;11;46;30
Row #85668 - 2020; 2;30;11;47;30
Row #85669 - 2020; 2;30;11;48;30
Row #85670 - 2020; 2;30;11;49;30
Row #85671 - 2020; 2;30;11;50;30
Row #85672 - 2020; 2;30;11;51;30
Row #85673 - 2020; 2;30;11;52;30
Row #85674 - 2020; 2;30;11;53;30
Row #85675 - 2020; 2;30;11;54;30
Row #85676 - 2020; 2;30;11;55;30
Row #85677 - 2020; 2;30;11;56;30
Row #85678 - 2020; 2;30;11;57;30
Row #85679 - 2020; 2;30;11;58;30
Row #85680 - 2020; 2;30;11;59;30
Row #85681 - 2020; 2;30;12; 0;30
Row #85682 - 2020; 2;30;12; 1;30
Row #85683 - 2020; 2;30;12; 2;30
Row #85684 - 2020; 2;30;12; 3;30
Row #85685 - 2020; 2;30;12; 4;30
Row #85686 - 2020; 2;30;12; 5;30
Row #85687 - 2020; 2;30;12; 6;30
Row #85688 - 2020; 2;30;12; 7;30
Row #85689 - 2020; 2;30;12; 8;30
Row #85690 - 2020; 2;30;12; 9;30
Row #85691 - 2020; 2;30;12;10;30
Row #85692 - 2020; 2;30;12;11;30
Row #85693 - 2020; 2;30;12;12;30
Row #85694 - 2020; 2;30;12;13;30
Row #85695 - 2020; 2;30;12;14;30
Row #85696 - 2020; 2;30;12;15;30
Row #85697 - 2020; 2;30;12;16;30
Row #85698 - 2020; 2;30;12;17;30
Row #85699 - 2020; 2;30;12;18;30
Row #85700 - 2020; 2;30;12;19;30
Row #85701 - 2020; 2;30;12;20;30
Row #85702 - 2020; 2;30;12;21;30
Row #85703 - 2020; 2;30;12;22;30
Row #85704 - 2020; 2;30;12;23;30
Row #85705 - 2020; 2;30;12;24;30
Row #85706 - 2020; 2;30;12;25;30
Row #85707 - 2020; 2;30;12;26;30
Row #85708 - 2020; 2;30;12;27;30
Row #85709 - 2020; 2;30;12;28;30
Row #85710 - 2020; 2;30;12;29;30
Row #85711 - 2020; 2;30;12;30;30
Row #85712 - 2020; 2;30;12;31;30
Row #85713 - 2020; 2;30;12;32;30
Row #85714 - 2020; 2;30;12;33;30
Row #85715 - 2020; 2;30;12;34;30
Row #85716 - 2020; 2;30;12;35;30
Row #85717 - 2020; 2;30;12;36;30
Row #85718 - 2020; 2;30;12;37;30
Row #85719 - 2020; 2;30;12;38;30
Row #85720 - 2020; 2;30;12;39;30
Row #85721 - 2020; 2;30;12;40;30
Row #85722 - 2020; 2;30;12;41;30
Row #85723 - 2020; 2;30;12;42;30
Row #85724 - 2020; 2;30;12;43;30
Row #85725 - 2020; 2;30;12;44;30
Row #85726 - 2020; 2;30;12;45;30
Row #85727 - 2020; 2;30;12;46;30
Row #85728 - 2020; 2;30;12;47;30
Row #85729 - 2020; 2;30;12;48;30
Row #85730 - 2020; 2;30;12;49;30
Row #85731 - 2020; 2;30;12;50;30
Row #85732 - 2020; 2;30;12;51;30
Row #85733 - 2020; 2;30;12;52;30
Row #85734 - 2020; 2;30;12;53;30
Row #85735 - 2020; 2;30;12;54;30
Row #85736 - 2020; 2;30;12;55;30
Row #85737 - 2020; 2;30;12;56;30
Row #85738 - 2020; 2;30;12;57;30
Row #85739 - 2020; 2;30;12;58;30
Row #85740 - 2020; 2;30;12;59;30
Row #85741 - 2020; 2;30;13; 0;30
Row #85742 - 2020; 2;30;13; 1;30
Row #85743 - 2020; 2;30;13; 2;30
Row #85744 - 2020; 2;30;13; 3;30
Row #85745 - 2020; 2;30;13; 4;30
Row #85746 - 2020; 2;30;13; 5;30
Row #85747 - 2020; 2;30;13; 6;30
Row #85748 - 2020; 2;30;13; 7;30
Row #85749 - 2020; 2;30;13; 8;30
Row #85750 - 2020; 2;30;13; 9;30
Row #85751 - 2020; 2;30;13;10;30
Row #85752 - 2020; 2;30;13;11;30
Row #85753 - 2020; 2;30;13;12;30
Row #85754 - 2020; 2;30;13;13;30
Row #85755 - 2020; 2;30;13;14;30
Row #85756 - 2020; 2;30;13;15;30
Row #85757 - 2020; 2;30;13;16;30
Row #85758 - 2020; 2;30;13;17;30
Row #85759 - 2020; 2;30;13;18;30
Row #85760 - 2020; 2;30;13;19;30
Row #85761 - 2020; 2;30;13;20;30
Row #85762 - 2020; 2;30;13;21;30
Row #85763 - 2020; 2;30;13;22;30
Row #85764 - 2020; 2;30;13;23;30
Row #85765 - 2020; 2;30;13;24;30
Row #85766 - 2020; 2;30;13;25;30
Row #85767 - 2020; 2;30;13;26;30
Row #85768 - 2020; 2;30;13;27;30
Row #85769 - 2020; 2;30;13;28;30
Row #85770 - 2020; 2;30;13;29;30
Row #85771 - 2020; 2;30;13;30;30
Row #85772 - 2020; 2;30;13;31;30
Row #85773 - 2020; 2;30;13;32;30
Row #85774 - 2020; 2;30;13;33;30
Row #85775 - 2020; 2;30;13;34;30
Row #85776 - 2020; 2;30;13;35;30
Row #85777 - 2020; 2;30;13;36;30
Row #85778 - 2020; 2;30;13;37;30
Row #85779 - 2020; 2;30;13;38;30
Row #85780 - 2020; 2;30;13;39;30
Row #85781 - 2020; 2;30;13;40;30
Row #85782 - 2020; 2;30;13;41;30
Row #85783 - 2020; 2;30;13;42;30
Row #85784 - 2020; 2;30;13;43;30
Row #85785 - 2020; 2;30;13;44;30
Row #85786 - 2020; 2;30;13;45;30
Row #85787 - 2020; 2;30;13;46;30
Row #85788 - 2020; 2;30;13;47;30
Row #85789 - 2020; 2;30;13;48;30
Row #85790 - 2020; 2;30;13;49;30
Row #85791 - 2020; 2;30;13;50;30
Row #85792 - 2020; 2;30;13;51;30
Row #85793 - 2020; 2;30;13;52;30
Row #85794 - 2020; 2;30;13;53;30
Row #85795 - 2020; 2;30;13;54;30
Row #85796 - 2020; 2;30;13;55;30
Row #85797 - 2020; 2;30;13;56;30
Row #85798 - 2020; 2;30;13;57;30
Row #85799 - 2020; 2;30;13;58;30
Row #85800 - 2020; 2;30;13;59;30
Row #85801 - 2020; 2;30;14; 0;30
Row #85802 - 2020; 2;30;14; 1;30
Row #85803 - 2020; 2;30;14; 2;30
Row #85804 - 2020; 2;30;14; 3;30
Row #85805 - 2020; 2;30;14; 4;30
Row #85806 - 2020; 2;30;14; 5;30
Row #85807 - 2020; 2;30;14; 6;30
Row #85808 - 2020; 2;30;14; 7;30
Row #85809 - 2020; 2;30;14; 8;30
Row #85810 - 2020; 2;30;14; 9;30
Row #85811 - 2020; 2;30;14;10;30
Row #85812 - 2020; 2;30;14;11;30
Row #85813 - 2020; 2;30;14;12;30
Row #85814 - 2020; 2;30;14;13;30
Row #85815 - 2020; 2;30;14;14;30
Row #85816 - 2020; 2;30;14;15;30
Row #85817 - 2020; 2;30;14;16;30
Row #85818 - 2020; 2;30;14;17;30
Row #85819 - 2020; 2;30;14;18;30
Row #85820 - 2020; 2;30;14;19;30
Row #85821 - 2020; 2;30;14;20;30
Row #85822 - 2020; 2;30;14;21;30
Row #85823 - 2020; 2;30;14;22;30
Row #85824 - 2020; 2;30;14;23;30
Row #85825 - 2020; 2;30;14;24;30
Row #85826 - 2020; 2;30;14;25;30
Row #85827 - 2020; 2;30;14;26;30
Row #85828 - 2020; 2;30;14;27;30
Row #85829 - 2020; 2;30;14;28;30
Row #85830 - 2020; 2;30;14;29;30
Row #85831 - 2020; 2;30;14;30;30
Row #85832 - 2020; 2;30;14;31;30
Row #85833 - 2020; 2;30;14;32;30
Row #85834 - 2020; 2;30;14;33;30
Row #85835 - 2020; 2;30;14;34;30
Row #85836 - 2020; 2;30;14;35;30
Row #85837 - 2020; 2;30;14;36;30
Row #85838 - 2020; 2;30;14;37;30
Row #85839 - 2020; 2;30;14;38;30
Row #85840 - 2020; 2;30;14;39;30
Row #85841 - 2020; 2;30;14;40;30
Row #85842 - 2020; 2;30;14;41;30
Row #85843 - 2020; 2;30;14;42;30
Row #85844 - 2020; 2;30;14;43;30
Row #85845 - 2020; 2;30;14;44;30
Row #85846 - 2020; 2;30;14;45;30
Row #85847 - 2020; 2;30;14;46;30
Row #85848 - 2020; 2;30;14;47;30
Row #85849 - 2020; 2;30;14;48;30
Row #85850 - 2020; 2;30;14;49;30
Row #85851 - 2020; 2;30;14;50;30
Row #85852 - 2020; 2;30;14;51;30
Row #85853 - 2020; 2;30;14;52;30
Row #85854 - 2020; 2;30;14;53;30
Row #85855 - 2020; 2;30;14;54;30
Row #85856 - 2020; 2;30;14;55;30
Row #85857 - 2020; 2;30;14;56;30
Row #85858 - 2020; 2;30;14;57;30
Row #85859 - 2020; 2;30;14;58;30
Row #85860 - 2020; 2;30;14;59;30
Row #85861 - 2020; 2;30;15; 0;30
Row #85862 - 2020; 2;30;15; 1;30
Row #85863 - 2020; 2;30;15; 2;30
Row #85864 - 2020; 2;30;15; 3;30
Row #85865 - 2020; 2;30;15; 4;30
Row #85866 - 2020; 2;30;15; 5;30
Row #85867 - 2020; 2;30;15; 6;30
Row #85868 - 2020; 2;30;15; 7;30
Row #85869 - 2020; 2;30;15; 8;30
Row #85870 - 2020; 2;30;15; 9;30
Row #85871 - 2020; 2;30;15;10;30
Row #85872 - 2020; 2;30;15;11;30
Row #85873 - 2020; 2;30;15;12;30
Row #85874 - 2020; 2;30;15;13;30
Row #85875 - 2020; 2;30;15;14;30
Row #85876 - 2020; 2;30;15;15;30
Row #85877 - 2020; 2;30;15;16;30
Row #85878 - 2020; 2;30;15;17;30
Row #85879 - 2020; 2;30;15;18;30
Row #85880 - 2020; 2;30;15;19;30
Row #85881 - 2020; 2;30;15;20;30
Row #85882 - 2020; 2;30;15;21;30
Row #85883 - 2020; 2;30;15;22;30
Row #85884 - 2020; 2;30;15;23;30
Row #85885 - 2020; 2;30;15;24;30
Row #85886 - 2020; 2;30;15;25;30
Row #85887 - 2020; 2;30;15;26;30
Row #85888 - 2020; 2;30;15;27;30
Row #85889 - 2020; 2;30;15;28;30
Row #85890 - 2020; 2;30;15;29;30
Row #85891 - 2020; 2;30;15;30;30
Row #85892 - 2020; 2;30;15;31;30
Row #85893 - 2020; 2;30;15;32;30
Row #85894 - 2020; 2;30;15;33;30
Row #85895 - 2020; 2;30;15;34;30
Row #85896 - 2020; 2;30;15;35;30
Row #85897 - 2020; 2;30;15;36;30
Row #85898 - 2020; 2;30;15;37;30
Row #85899 - 2020; 2;30;15;38;30
Row #85900 - 2020; 2;30;15;39;30
Row #85901 - 2020; 2;30;15;40;30
Row #85902 - 2020; 2;30;15;41;30
Row #85903 - 2020; 2;30;15;42;30
Row #85904 - 2020; 2;30;15;43;30
Row #85905 - 2020; 2;30;15;44;30
Row #85906 - 2020; 2;30;15;45;30
Row #85907 - 2020; 2;30;15;46;30
Row #85908 - 2020; 2;30;15;47;30
Row #85909 - 2020; 2;30;15;48;30
Row #85910 - 2020; 2;30;15;49;30
Row #85911 - 2020; 2;30;15;50;30
Row #85912 - 2020; 2;30;15;51;30
Row #85913 - 2020; 2;30;15;52;30
Row #85914 - 2020; 2;30;15;53;30
Row #85915 - 2020; 2;30;15;54;30
Row #85916 - 2020; 2;30;15;55;30
Row #85917 - 2020; 2;30;15;56;30
Row #85918 - 2020; 2;30;15;57;30
Row #85919 - 2020; 2;30;15;58;30
Row #85920 - 2020; 2;30;15;59;30
Row #85921 - 2020; 2;30;16; 0;30
Row #85922 - 2020; 2;30;16; 1;30
Row #85923 - 2020; 2;30;16; 2;30
Row #85924 - 2020; 2;30;16; 3;30
Row #85925 - 2020; 2;30;16; 4;30
Row #85926 - 2020; 2;30;16; 5;30
Row #85927 - 2020; 2;30;16; 6;30
Row #85928 - 2020; 2;30;16; 7;30
Row #85929 - 2020; 2;30;16; 8;30
Row #85930 - 2020; 2;30;16; 9;30
Row #85931 - 2020; 2;30;16;10;30
Row #85932 - 2020; 2;30;16;11;30
Row #85933 - 2020; 2;30;16;12;30
Row #85934 - 2020; 2;30;16;13;30
Row #85935 - 2020; 2;30;16;14;30
Row #85936 - 2020; 2;30;16;15;30
Row #85937 - 2020; 2;30;16;16;30
Row #85938 - 2020; 2;30;16;17;30
Row #85939 - 2020; 2;30;16;18;30
Row #85940 - 2020; 2;30;16;19;30
Row #85941 - 2020; 2;30;16;20;30
Row #85942 - 2020; 2;30;16;21;30
Row #85943 - 2020; 2;30;16;22;30
Row #85944 - 2020; 2;30;16;23;30
Row #85945 - 2020; 2;30;16;24;30
Row #85946 - 2020; 2;30;16;25;30
Row #85947 - 2020; 2;30;16;26;30
Row #85948 - 2020; 2;30;16;27;30
Row #85949 - 2020; 2;30;16;28;30
Row #85950 - 2020; 2;30;16;29;30
Row #85951 - 2020; 2;30;16;30;30
Row #85952 - 2020; 2;30;16;31;30
Row #85953 - 2020; 2;30;16;32;30
Row #85954 - 2020; 2;30;16;33;30
Row #85955 - 2020; 2;30;16;34;30
Row #85956 - 2020; 2;30;16;35;30
Row #85957 - 2020; 2;30;16;36;30
Row #85958 - 2020; 2;30;16;37;30
Row #85959 - 2020; 2;30;16;38;30
Row #85960 - 2020; 2;30;16;39;30
Row #85961 - 2020; 2;30;16;40;30
Row #85962 - 2020; 2;30;16;41;30
Row #85963 - 2020; 2;30;16;42;30
Row #85964 - 2020; 2;30;16;43;30
Row #85965 - 2020; 2;30;16;44;30
Row #85966 - 2020; 2;30;16;45;30
Row #85967 - 2020; 2;30;16;46;30
Row #85968 - 2020; 2;30;16;47;30
Row #85969 - 2020; 2;30;16;48;30
Row #85970 - 2020; 2;30;16;49;30
Row #85971 - 2020; 2;30;16;50;30
Row #85972 - 2020; 2;30;16;51;30
Row #85973 - 2020; 2;30;16;52;30
Row #85974 - 2020; 2;30;16;53;30
Row #85975 - 2020; 2;30;16;54;30
Row #85976 - 2020; 2;30;16;55;30
Row #85977 - 2020; 2;30;16;56;30
Row #85978 - 2020; 2;30;16;57;30
Row #85979 - 2020; 2;30;16;58;30
Row #85980 - 2020; 2;30;16;59;30
Row #85981 - 2020; 2;30;17; 0;30
Row #85982 - 2020; 2;30;17; 1;30
Row #85983 - 2020; 2;30;17; 2;30
Row #85984 - 2020; 2;30;17; 3;30
Row #85985 - 2020; 2;30;17; 4;30
Row #85986 - 2020; 2;30;17; 5;30
Row #85987 - 2020; 2;30;17; 6;30
Row #85988 - 2020; 2;30;17; 7;30
Row #85989 - 2020; 2;30;17; 8;30
Row #85990 - 2020; 2;30;17; 9;30
Row #85991 - 2020; 2;30;17;10;30
Row #85992 - 2020; 2;30;17;11;30
Row #85993 - 2020; 2;30;17;12;30
Row #85994 - 2020; 2;30;17;13;30
Row #85995 - 2020; 2;30;17;14;30
Row #85996 - 2020; 2;30;17;15;30
Row #85997 - 2020; 2;30;17;16;30
Row #85998 - 2020; 2;30;17;17;30
Row #85999 - 2020; 2;30;17;18;30
Row #86000 - 2020; 2;30;17;19;30
Row #86001 - 2020; 2;30;17;20;30
Row #86002 - 2020; 2;30;17;21;30
Row #86003 - 2020; 2;30;17;22;30
Row #86004 - 2020; 2;30;17;23;30
Row #86005 - 2020; 2;30;17;24;30
Row #86006 - 2020; 2;30;17;25;30
Row #86007 - 2020; 2;30;17;26;30
Row #86008 - 2020; 2;30;17;27;30
Row #86009 - 2020; 2;30;17;28;30
Row #86010 - 2020; 2;30;17;29;30
Row #86011 - 2020; 2;30;17;30;30
Row #86012 - 2020; 2;30;17;31;30
Row #86013 - 2020; 2;30;17;32;30
Row #86014 - 2020; 2;30;17;33;30
Row #86015 - 2020; 2;30;17;34;30
Row #86016 - 2020; 2;30;17;35;30
Row #86017 - 2020; 2;30;17;36;30
Row #86018 - 2020; 2;30;17;37;30
Row #86019 - 2020; 2;30;17;38;30
Row #86020 - 2020; 2;30;17;39;30
Row #86021 - 2020; 2;30;17;40;30
Row #86022 - 2020; 2;30;17;41;30
Row #86023 - 2020; 2;30;17;42;30
Row #86024 - 2020; 2;30;17;43;30
Row #86025 - 2020; 2;30;17;44;30
Row #86026 - 2020; 2;30;17;45;30
Row #86027 - 2020; 2;30;17;46;30
Row #86028 - 2020; 2;30;17;47;30
Row #86029 - 2020; 2;30;17;48;30
Row #86030 - 2020; 2;30;17;49;30
Row #86031 - 2020; 2;30;17;50;30
Row #86032 - 2020; 2;30;17;51;30
Row #86033 - 2020; 2;30;17;52;30
Row #86034 - 2020; 2;30;17;53;30
Row #86035 - 2020; 2;30;17;54;30
Row #86036 - 2020; 2;30;17;55;30
Row #86037 - 2020; 2;30;17;56;30
Row #86038 - 2020; 2;30;17;57;30
Row #86039 - 2020; 2;30;17;58;30
Row #86040 - 2020; 2;30;17;59;30
Row #86041 - 2020; 2;30;18; 0;30
Row #86042 - 2020; 2;30;18; 1;30
Row #86043 - 2020; 2;30;18; 2;30
Row #86044 - 2020; 2;30;18; 3;30
Row #86045 - 2020; 2;30;18; 4;30
Row #86046 - 2020; 2;30;18; 5;30
Row #86047 - 2020; 2;30;18; 6;30
Row #86048 - 2020; 2;30;18; 7;30
Row #86049 - 2020; 2;30;18; 8;30
Row #86050 - 2020; 2;30;18; 9;30
Row #86051 - 2020; 2;30;18;10;30
Row #86052 - 2020; 2;30;18;11;30
Row #86053 - 2020; 2;30;18;12;30
Row #86054 - 2020; 2;30;18;13;30
Row #86055 - 2020; 2;30;18;14;30
Row #86056 - 2020; 2;30;18;15;30
Row #86057 - 2020; 2;30;18;16;30
Row #86058 - 2020; 2;30;18;17;30
Row #86059 - 2020; 2;30;18;18;30
Row #86060 - 2020; 2;30;18;19;30
Row #86061 - 2020; 2;30;18;20;30
Row #86062 - 2020; 2;30;18;21;30
Row #86063 - 2020; 2;30;18;22;30
Row #86064 - 2020; 2;30;18;23;30
Row #86065 - 2020; 2;30;18;24;30
Row #86066 - 2020; 2;30;18;25;30
Row #86067 - 2020; 2;30;18;26;30
Row #86068 - 2020; 2;30;18;27;30
Row #86069 - 2020; 2;30;18;28;30
Row #86070 - 2020; 2;30;18;29;30
Row #86071 - 2020; 2;30;18;30;30
Row #86072 - 2020; 2;30;18;31;30
Row #86073 - 2020; 2;30;18;32;30
Row #86074 - 2020; 2;30;18;33;30
Row #86075 - 2020; 2;30;18;34;30
Row #86076 - 2020; 2;30;18;35;30
Row #86077 - 2020; 2;30;18;36;30
Row #86078 - 2020; 2;30;18;37;30
Row #86079 - 2020; 2;30;18;38;30
Row #86080 - 2020; 2;30;18;39;30
Row #86081 - 2020; 2;30;18;40;30
Row #86082 - 2020; 2;30;18;41;30
Row #86083 - 2020; 2;30;18;42;30
Row #86084 - 2020; 2;30;18;43;30
Row #86085 - 2020; 2;30;18;44;30
Row #86086 - 2020; 2;30;18;45;30
Row #86087 - 2020; 2;30;18;46;30
Row #86088 - 2020; 2;30;18;47;30
Row #86089 - 2020; 2;30;18;48;30
Row #86090 - 2020; 2;30;18;49;30
Row #86091 - 2020; 2;30;18;50;30
Row #86092 - 2020; 2;30;18;51;30
Row #86093 - 2020; 2;30;18;52;30
Row #86094 - 2020; 2;30;18;53;30
Row #86095 - 2020; 2;30;18;54;30
Row #86096 - 2020; 2;30;18;55;30
Row #86097 - 2020; 2;30;18;56;30
Row #86098 - 2020; 2;30;18;57;30
Row #86099 - 2020; 2;30;18;58;30
Row #86100 - 2020; 2;30;18;59;30
Row #86101 - 2020; 2;30;19; 0;30
Row #86102 - 2020; 2;30;19; 1;30
Row #86103 - 2020; 2;30;19; 2;30
Row #86104 - 2020; 2;30;19; 3;30
Row #86105 - 2020; 2;30;19; 4;30
Row #86106 - 2020; 2;30;19; 5;30
Row #86107 - 2020; 2;30;19; 6;30
Row #86108 - 2020; 2;30;19; 7;30
Row #86109 - 2020; 2;30;19; 8;30
Row #86110 - 2020; 2;30;19; 9;30
Row #86111 - 2020; 2;30;19;10;30
Row #86112 - 2020; 2;30;19;11;30
Row #86113 - 2020; 2;30;19;12;30
Row #86114 - 2020; 2;30;19;13;30
Row #86115 - 2020; 2;30;19;14;30
Row #86116 - 2020; 2;30;19;15;30
Row #86117 - 2020; 2;30;19;16;30
Row #86118 - 2020; 2;30;19;17;30
Row #86119 - 2020; 2;30;19;18;30
Row #86120 - 2020; 2;30;19;19;30
Row #86121 - 2020; 2;30;19;20;30
Row #86122 - 2020; 2;30;19;21;30
Row #86123 - 2020; 2;30;19;22;30
Row #86124 - 2020; 2;30;19;23;30
Row #86125 - 2020; 2;30;19;24;30
Row #86126 - 2020; 2;30;19;25;30
Row #86127 - 2020; 2;30;19;26;30
Row #86128 - 2020; 2;30;19;27;30
Row #86129 - 2020; 2;30;19;28;30
Row #86130 - 2020; 2;30;19;29;30
Row #86131 - 2020; 2;30;19;30;30
Row #86132 - 2020; 2;30;19;31;30
Row #86133 - 2020; 2;30;19;32;30
Row #86134 - 2020; 2;30;19;33;30
Row #86135 - 2020; 2;30;19;34;30
Row #86136 - 2020; 2;30;19;35;30
Row #86137 - 2020; 2;30;19;36;30
Row #86138 - 2020; 2;30;19;37;30
Row #86139 - 2020; 2;30;19;38;30
Row #86140 - 2020; 2;30;19;39;30
Row #86141 - 2020; 2;30;19;40;30
Row #86142 - 2020; 2;30;19;41;30
Row #86143 - 2020; 2;30;19;42;30
Row #86144 - 2020; 2;30;19;43;30
Row #86145 - 2020; 2;30;19;44;30
Row #86146 - 2020; 2;30;19;45;30
Row #86147 - 2020; 2;30;19;46;30
Row #86148 - 2020; 2;30;19;47;30
Row #86149 - 2020; 2;30;19;48;30
Row #86150 - 2020; 2;30;19;49;30
Row #86151 - 2020; 2;30;19;50;30
Row #86152 - 2020; 2;30;19;51;30
Row #86153 - 2020; 2;30;19;52;30
Row #86154 - 2020; 2;30;19;53;30
Row #86155 - 2020; 2;30;19;54;30
Row #86156 - 2020; 2;30;19;55;30
Row #86157 - 2020; 2;30;19;56;30
Row #86158 - 2020; 2;30;19;57;30
Row #86159 - 2020; 2;30;19;58;30
Row #86160 - 2020; 2;30;19;59;30
Row #86161 - 2020; 2;30;20; 0;30
Row #86162 - 2020; 2;30;20; 1;30
Row #86163 - 2020; 2;30;20; 2;30
Row #86164 - 2020; 2;30;20; 3;30
Row #86165 - 2020; 2;30;20; 4;30
Row #86166 - 2020; 2;30;20; 5;30
Row #86167 - 2020; 2;30;20; 6;30
Row #86168 - 2020; 2;30;20; 7;30
Row #86169 - 2020; 2;30;20; 8;30
Row #86170 - 2020; 2;30;20; 9;30
Row #86171 - 2020; 2;30;20;10;30
Row #86172 - 2020; 2;30;20;11;30
Row #86173 - 2020; 2;30;20;12;30
Row #86174 - 2020; 2;30;20;13;30
Row #86175 - 2020; 2;30;20;14;30
Row #86176 - 2020; 2;30;20;15;30
Row #86177 - 2020; 2;30;20;16;30
Row #86178 - 2020; 2;30;20;17;30
Row #86179 - 2020; 2;30;20;18;30
Row #86180 - 2020; 2;30;20;19;30
Row #86181 - 2020; 2;30;20;20;30
Row #86182 - 2020; 2;30;20;21;30
Row #86183 - 2020; 2;30;20;22;30
Row #86184 - 2020; 2;30;20;23;30
Row #86185 - 2020; 2;30;20;24;30
Row #86186 - 2020; 2;30;20;25;30
Row #86187 - 2020; 2;30;20;26;30
Row #86188 - 2020; 2;30;20;27;30
Row #86189 - 2020; 2;30;20;28;30
Row #86190 - 2020; 2;30;20;29;30
Row #86191 - 2020; 2;30;20;30;30
Row #86192 - 2020; 2;30;20;31;30
Row #86193 - 2020; 2;30;20;32;30
Row #86194 - 2020; 2;30;20;33;30
Row #86195 - 2020; 2;30;20;34;30
Row #86196 - 2020; 2;30;20;35;30
Row #86197 - 2020; 2;30;20;36;30
Row #86198 - 2020; 2;30;20;37;30
Row #86199 - 2020; 2;30;20;38;30
Row #86200 - 2020; 2;30;20;39;30
Row #86201 - 2020; 2;30;20;40;30
Row #86202 - 2020; 2;30;20;41;30
Row #86203 - 2020; 2;30;20;42;30
Row #86204 - 2020; 2;30;20;43;30
Row #86205 - 2020; 2;30;20;44;30
Row #86206 - 2020; 2;30;20;45;30
Row #86207 - 2020; 2;30;20;46;30
Row #86208 - 2020; 2;30;20;47;30
Row #86209 - 2020; 2;30;20;48;30
Row #86210 - 2020; 2;30;20;49;30
Row #86211 - 2020; 2;30;20;50;30
Row #86212 - 2020; 2;30;20;51;30
Row #86213 - 2020; 2;30;20;52;30
Row #86214 - 2020; 2;30;20;53;30
Row #86215 - 2020; 2;30;20;54;30
Row #86216 - 2020; 2;30;20;55;30
Row #86217 - 2020; 2;30;20;56;30
Row #86218 - 2020; 2;30;20;57;30
Row #86219 - 2020; 2;30;20;58;30
Row #86220 - 2020; 2;30;20;59;30
Row #86221 - 2020; 2;30;21; 0;30
Row #86222 - 2020; 2;30;21; 1;30
Row #86223 - 2020; 2;30;21; 2;30
Row #86224 - 2020; 2;30;21; 3;30
Row #86225 - 2020; 2;30;21; 4;30
Row #86226 - 2020; 2;30;21; 5;30
Row #86227 - 2020; 2;30;21; 6;30
Row #86228 - 2020; 2;30;21; 7;30
Row #86229 - 2020; 2;30;21; 8;30
Row #86230 - 2020; 2;30;21; 9;30
Row #86231 - 2020; 2;30;21;10;30
Row #86232 - 2020; 2;30;21;11;30
Row #86233 - 2020; 2;30;21;12;30
Row #86234 - 2020; 2;30;21;13;30
Row #86235 - 2020; 2;30;21;14;30
Row #86236 - 2020; 2;30;21;15;30
Row #86237 - 2020; 2;30;21;16;30
Row #86238 - 2020; 2;30;21;17;30
Row #86239 - 2020; 2;30;21;18;30
Row #86240 - 2020; 2;30;21;19;30
Row #86241 - 2020; 2;30;21;20;30
Row #86242 - 2020; 2;30;21;21;30
Row #86243 - 2020; 2;30;21;22;30
Row #86244 - 2020; 2;30;21;23;30
Row #86245 - 2020; 2;30;21;24;30
Row #86246 - 2020; 2;30;21;25;30
Row #86247 - 2020; 2;30;21;26;30
Row #86248 - 2020; 2;30;21;27;30
Row #86249 - 2020; 2;30;21;28;30
Row #86250 - 2020; 2;30;21;29;30
Row #86251 - 2020; 2;30;21;30;30
Row #86252 - 2020; 2;30;21;31;30
Row #86253 - 2020; 2;30;21;32;30
Row #86254 - 2020; 2;30;21;33;30
Row #86255 - 2020; 2;30;21;34;30
Row #86256 - 2020; 2;30;21;35;30
Row #86257 - 2020; 2;30;21;36;30
Row #86258 - 2020; 2;30;21;37;30
Row #86259 - 2020; 2;30;21;38;30
Row #86260 - 2020; 2;30;21;39;30
Row #86261 - 2020; 2;30;21;40;30
Row #86262 - 2020; 2;30;21;41;30
Row #86263 - 2020; 2;30;21;42;30
Row #86264 - 2020; 2;30;21;43;30
Row #86265 - 2020; 2;30;21;44;30
Row #86266 - 2020; 2;30;21;45;30
Row #86267 - 2020; 2;30;21;46;30
Row #86268 - 2020; 2;30;21;47;30
Row #86269 - 2020; 2;30;21;48;30
Row #86270 - 2020; 2;30;21;49;30
Row #86271 - 2020; 2;30;21;50;30
Row #86272 - 2020; 2;30;21;51;30
Row #86273 - 2020; 2;30;21;52;30
Row #86274 - 2020; 2;30;21;53;30
Row #86275 - 2020; 2;30;21;54;30
Row #86276 - 2020; 2;30;21;55;30
Row #86277 - 2020; 2;30;21;56;30
Row #86278 - 2020; 2;30;21;57;30
Row #86279 - 2020; 2;30;21;58;30
Row #86280 - 2020; 2;30;21;59;30
Row #86281 - 2020; 2;30;22; 0;30
Row #86282 - 2020; 2;30;22; 1;30
Row #86283 - 2020; 2;30;22; 2;30
Row #86284 - 2020; 2;30;22; 3;30
Row #86285 - 2020; 2;30;22; 4;30
Row #86286 - 2020; 2;30;22; 5;30
Row #86287 - 2020; 2;30;22; 6;30
Row #86288 - 2020; 2;30;22; 7;30
Row #86289 - 2020; 2;30;22; 8;30
Row #86290 - 2020; 2;30;22; 9;30
Row #86291 - 2020; 2;30;22;10;30
Row #86292 - 2020; 2;30;22;11;30
Row #86293 - 2020; 2;30;22;12;30
Row #86294 - 2020; 2;30;22;13;30
Row #86295 - 2020; 2;30;22;14;30
Row #86296 - 2020; 2;30;22;15;30
Row #86297 - 2020; 2;30;22;16;30
Row #86298 - 2020; 2;30;22;17;30
Row #86299 - 2020; 2;30;22;18;30
Row #86300 - 2020; 2;30;22;19;30
Row #86301 - 2020; 2;30;22;20;30
Row #86302 - 2020; 2;30;22;21;30
Row #86303 - 2020; 2;30;22;22;30
Row #86304 - 2020; 2;30;22;23;30
Row #86305 - 2020; 2;30;22;24;30
Row #86306 - 2020; 2;30;22;25;30
Row #86307 - 2020; 2;30;22;26;30
Row #86308 - 2020; 2;30;22;27;30
Row #86309 - 2020; 2;30;22;28;30
Row #86310 - 2020; 2;30;22;29;30
Row #86311 - 2020; 2;30;22;30;30
Row #86312 - 2020; 2;30;22;31;30
Row #86313 - 2020; 2;30;22;32;30
Row #86314 - 2020; 2;30;22;33;30
Row #86315 - 2020; 2;30;22;34;30
Row #86316 - 2020; 2;30;22;35;30
Row #86317 - 2020; 2;30;22;36;30
Row #86318 - 2020; 2;30;22;37;30
Row #86319 - 2020; 2;30;22;38;30
Row #86320 - 2020; 2;30;22;39;30
Row #86321 - 2020; 2;30;22;40;30
Row #86322 - 2020; 2;30;22;41;30
Row #86323 - 2020; 2;30;22;42;30
Row #86324 - 2020; 2;30;22;43;30
Row #86325 - 2020; 2;30;22;44;30
Row #86326 - 2020; 2;30;22;45;30
Row #86327 - 2020; 2;30;22;46;30
Row #86328 - 2020; 2;30;22;47;30
Row #86329 - 2020; 2;30;22;48;30
Row #86330 - 2020; 2;30;22;49;30
Row #86331 - 2020; 2;30;22;50;30
Row #86332 - 2020; 2;30;22;51;30
Row #86333 - 2020; 2;30;22;52;30
Row #86334 - 2020; 2;30;22;53;30
Row #86335 - 2020; 2;30;22;54;30
Row #86336 - 2020; 2;30;22;55;30
Row #86337 - 2020; 2;30;22;56;30
Row #86338 - 2020; 2;30;22;57;30
Row #86339 - 2020; 2;30;22;58;30
Row #86340 - 2020; 2;30;22;59;30
Row #86341 - 2020; 2;30;23; 0;30
Row #86342 - 2020; 2;30;23; 1;30
Row #86343 - 2020; 2;30;23; 2;30
Row #86344 - 2020; 2;30;23; 3;30
Row #86345 - 2020; 2;30;23; 4;30
Row #86346 - 2020; 2;30;23; 5;30
Row #86347 - 2020; 2;30;23; 6;30
Row #86348 - 2020; 2;30;23; 7;30
Row #86349 - 2020; 2;30;23; 8;30
Row #86350 - 2020; 2;30;23; 9;30
Row #86351 - 2020; 2;30;23;10;30
Row #86352 - 2020; 2;30;23;11;30
Row #86353 - 2020; 2;30;23;12;30
Row #86354 - 2020; 2;30;23;13;30
Row #86355 - 2020; 2;30;23;14;30
Row #86356 - 2020; 2;30;23;15;30
Row #86357 - 2020; 2;30;23;16;30
Row #86358 - 2020; 2;30;23;17;30
Row #86359 - 2020; 2;30;23;18;30
Row #86360 - 2020; 2;30;23;19;30
Row #86361 - 2020; 2;30;23;20;30
Row #86362 - 2020; 2;30;23;21;30
Row #86363 - 2020; 2;30;23;22;30
Row #86364 - 2020; 2;30;23;23;30
Row #86365 - 2020; 2;30;23;24;30
Row #86366 - 2020; 2;30;23;25;30
Row #86367 - 2020; 2;30;23;26;30
Row #86368 - 2020; 2;30;23;27;30
Row #86369 - 2020; 2;30;23;28;30
Row #86370 - 2020; 2;30;23;29;30
Row #86371 - 2020; 2;30;23;30;30
Row #86372 - 2020; 2;30;23;31;30
Row #86373 - 2020; 2;30;23;32;30
Row #86374 - 2020; 2;30;23;33;30
Row #86375 - 2020; 2;30;23;34;30
Row #86376 - 2020; 2;30;23;35;30
Row #86377 - 2020; 2;30;23;36;30
Row #86378 - 2020; 2;30;23;37;30
Row #86379 - 2020; 2;30;23;38;30
Row #86380 - 2020; 2;30;23;39;30
Row #86381 - 2020; 2;30;23;40;30
Row #86382 - 2020; 2;30;23;41;30
Row #86383 - 2020; 2;30;23;42;30
Row #86384 - 2020; 2;30;23;43;30
Row #86385 - 2020; 2;30;23;44;30
Row #86386 - 2020; 2;30;23;45;30
Row #86387 - 2020; 2;30;23;46;30
Row #86388 - 2020; 2;30;23;47;30
Row #86389 - 2020; 2;30;23;48;30
Row #86390 - 2020; 2;30;23;49;30
Row #86391 - 2020; 2;30;23;50;30
Row #86392 - 2020; 2;30;23;51;30
Row #86393 - 2020; 2;30;23;52;30
Row #86394 - 2020; 2;30;23;53;30
Row #86395 - 2020; 2;30;23;54;30
Row #86396 - 2020; 2;30;23;55;30
Row #86397 - 2020; 2;30;23;56;30
Row #86398 - 2020; 2;30;23;57;30
Row #86399 - 2020; 2;30;23;58;30
Row #86400 - 2020; 2;30;23;59;30
